ubigeo,departamento,declaratorias,prorrogas,capital,latitud,longitud,lluvia_total_mm,dias_lluvia_fuerte
01,Amazonas,4,2,Chachapoyas,-6.23169,-77.86903,455.0,0
02,Áncash,5,5,Huaraz,-9.52614,-77.52869,1058.3,3
03,Apurímac,7,4,Abancay,-13.63426,-72.8838,670.6,2
04,Arequipa,7,6,Arequipa,-16.39899,-71.53747,235.3,1
05,Ayacucho,7,5,Ayacucho,-13.1638,-74.22345,467.5,1
06,Cajamarca,3,3,Cajamarca,-7.16378,-78.50027,671.2,0
07,Callao,0,0,Callao,-12.05162,-77.13452,17.3,0
08,Cusco,7,5,Cusco,-13.53188,-71.96701,601.0,0
09,Huancavelica,7,4,Huancavelica,-12.78691,-74.97298,819.2,1
10,Huánuco,6,3,Huánuco,-9.92882,-76.23989,416.7,3
11,Ica,4,3,Ica,-14.07538,-75.73422,19.3,0
12,Junín,5,1,Huancayo,-12.06866,-75.21027,1276.9,11
13,La Libertad,2,3,Trujillo,-8.11599,-79.02998,26.3,0
14,Lambayeque,0,2,Chiclayo,-6.77008,-79.85495,25.6,0
15,Lima,6,5,Huacho,-11.11718,-77.60584,12.2,0
16,Loreto,3,2,Iquitos,-3.74814,-73.2529,1361.8,19
17,Madre de Dios,3,0,Puerto Maldonado,-12.58946,-69.19948,1149.5,15
18,Moquegua,5,2,Moquegua,-17.19747,-70.93587,29.1,0
19,Pasco,3,3,Cerro de Pasco,-10.66577,-76.25309,839.3,1
20,Piura,0,2,Piura,-5.18192,-80.65715,139.4,2
21,Puno,5,2,Puno,-15.84003,-70.02198,728.6,1
22,San Martín,3,4,Moyobamba,-6.03441,-76.97423,681.7,3
23,Tacna,4,0,Tacna,-18.01465,-70.25362,46.1,0
24,Tumbes,0,2,Tumbes,-3.55592,-80.44258,497.0,3
25,Ucayali,4,0,Pucallpa,-8.37915,-74.55387,887.4,9
